"","X","Date","Stream","Reach","Transect","Quadrat","Order","Family","Count","Size"
"1",1,"2/26/2022","NM",1,5,2,"Ephemeroptera","Heptageniidae",1,5
"2",2,"2/26/2022","NM",1,5,2,"Ephemeroptera","Baetidae",1,5
"3",3,"2/26/2022","NM",1,5,2,"Plecoptera","Capniidae",1,5
"4",4,"2/26/2022","NM",1,3,1,"Ephemeroptera","Heptageniidae",1,5
"5",5,"2/26/2022","NM",1,3,1,"Plecoptera","Perlidae ",1,5
"6",6,"2/26/2022","NM",4,1,1,"Ephemeroptera","Heptageniidae",1,1
"7",7,"2/26/2022","NM",4,1,1,"Ephemeroptera","Heptageniidae",1,5
"8",8,"2/26/2022","NM",4,1,1,"Ephemeroptera","Ephemerellidae",1,5
"9",9,"3/10/2022","NM",4,2,1,"Plecoptera","Perlidae ",1,10
"10",10,"3/11/2022","NM",5,1,2,"Plecoptera","Perlidae ",1,10
"11",11,"3/11/2022","NM",5,1,2,"Ephemeroptera","Heptageniidae",1,5
"12",12,"3/11/2022","NM",5,1,2,"Ephemeroptera","Heptageniidae",1,5
"13",13,"3/11/2022","NM",5,1,2,"Ephemeroptera","Ephemeridae",1,1
"14",14,"3/10/2022","NM",4,1,1,"Ephemeroptera","Heptageniidae",1,10
"15",15,"3/10/2022","NM",4,1,1,"Ephemeroptera","Heptageniidae",1,5
"16",16,"3/10/2022","NM",4,1,1,"Plecoptera","Perlodidae",1,5
"17",17,"3/10/2022","NM",4,1,1,"Ephemeroptera","Baetidae",1,5
"18",18,"3/10/2022","NM",4,1,1,"Ephemeroptera","Baetidae",1,5
"19",19,"3/10/2022","NM",1,3,1,"Ephemeroptera","Heptageniidae",1,10
"20",20,"3/10/2022","NM",1,3,1,"Plecoptera","Perlodidae",1,5
"21",21,"3/10/2022","NM",1,3,1,"Ephemeroptera","Leptophlebiidae",1,5
"22",22,"3/10/2022","NM",1,3,1,"Ephemeroptera","Leptophlebiidae",1,5
"23",23,"3/10/2022","NM",1,3,1,"Trichoptera","Hydropsychidae",1,5
"24",24,"3/10/2022","NM",1,3,1,"Trichoptera","Hydropsychidae",1,5
"25",25,"3/10/2022","NM",1,3,1,"Trichoptera","Rhyacophilidae",1,5
"26",26,"3/11/2022","NM",3,3,2,"Plecoptera","Perlidae ",1,10
"27",27,"3/11/2022","NM",3,3,2,"Ephemeroptera","Leptophlebiidae",1,5
"28",28,"3/11/2022","NM",3,3,2,"Ephemeroptera","Heptageniidae",1,5
"29",29,"3/11/2022","NM",3,3,2,"Ephemeroptera","Heptageniidae",1,1
"30",30,"3/11/2022","NM",3,3,2,"Ephemeroptera","Heptageniidae",1,5
"31",31,"3/11/2022","NM",3,3,2,"Ephemeroptera","Heptageniidae",1,5
"32",32,"3/11/2022","NM",3,3,2,"Plecoptera","Perlodidae",1,5
"33",33,"3/11/2022","NM",3,3,2,"Ephemeroptera","Baetidae",1,5
"34",34,"3/11/2022","NM",5,2,2,"Plecoptera","Perlodidae",1,5
"35",35,"3/11/2022","NM",5,2,2,"Ephemeroptera","Heptageniidae",1,1
"36",36,"3/11/2022","NM",5,5,1,"Ephemeroptera","Heptageniidae",1,5
"37",37,"3/11/2022","NM",5,5,1,"Ephemeroptera","Heptageniidae",1,5
"38",38,"3/11/2022","NM",5,5,1,"Ephemeroptera","Heptageniidae",1,5
"39",39,"3/11/2022","NM",5,5,1,"Ephemeroptera","Heptageniidae",1,1
"40",40,"3/11/2022","NM",5,5,1,"Ephemeroptera","Leptophlebiidae",1,5
"41",41,"3/11/2022","NM",5,5,1,"Plecoptera","Capniidae",1,5
"42",42,"3/11/2022","NM",5,5,1,"Plecoptera","Perlodidae",1,5
"43",43,"3/11/2022","NM",5,3,1,"Plecoptera","Perlodidae",1,5
"44",44,"3/11/2022","NM",5,3,1,"Plecoptera","Perlodidae",1,1
"45",45,"3/10/2022","NM",1,3,2,"Ephemeroptera","Heptageniidae",1,10
"46",46,"3/10/2022","NM",1,3,2,"Ephemeroptera","Heptageniidae",1,10
"47",47,"3/10/2022","NM",1,3,2,"Ephemeroptera","Heptageniidae",1,5
"48",48,"3/10/2022","NM",1,3,2,"Trichoptera","Hydropsychidae",1,5
"49",49,"3/10/2022","NM",4,4,2,"Ephemeroptera","Baetidae",1,5
"50",50,"3/10/2022","NM",4,4,2,"Ephemeroptera","Baetidae",1,1
"51",51,"3/10/2022","NM",4,4,2,"Ephemeroptera","Heptageniidae",1,5
"52",52,"3/10/2022","NM",4,4,2,"Ephemeroptera","Heptageniidae",1,1
"53",53,"3/10/2022","NM",4,4,2,"Ephemeroptera","Heptageniidae",1,5
"54",54,"3/10/2022","NM",4,4,2,"Plecoptera","Perlodidae",1,5
"55",55,"3/10/2022","NM",4,4,2,"Plecoptera","Perlodidae",1,5
"56",56,"3/11/2022","NM",3,5,2,"Ephemeroptera","Heptageniidae",1,5
"57",57,"3/11/2022","NM",3,5,2,"Ephemeroptera","Heptageniidae",1,5
"58",58,"3/11/2022","NM",3,5,2,"Ephemeroptera","Heptageniidae",1,5
"59",59,"3/11/2022","NM",3,5,2,"Ephemeroptera","Baetidae",1,5
"60",60,"3/11/2022","NM",3,5,2,"Ephemeroptera","Baetidae",1,5
"61",61,"3/11/2022","NM",3,5,2,"Ephemeroptera","Baetidae",1,5
"62",62,"3/11/2022","NM",3,5,2,"Ephemeroptera","Baetidae",1,5
"63",63,"3/11/2022","NM",3,5,2,"Ephemeroptera","Baetidae",1,5
"64",64,"3/11/2022","NM",3,5,2,"Ephemeroptera","Baetidae",1,5
"65",65,"3/11/2022","NM",3,5,2,"Ephemeroptera","Baetidae",1,1
"66",66,"3/11/2022","NM",3,5,2,"Trichoptera","Philopotamidae",1,5
"67",67,"3/11/2022","NM",3,4,1,"Plecoptera","Perlidae ",1,10
"68",68,"3/11/2022","NM",3,4,1,"Plecoptera","Perlidae ",1,10
"69",69,"3/11/2022","NM",3,4,1,"Plecoptera","Perlidae ",1,5
"70",70,"3/11/2022","NM",3,4,1,"Plecoptera","Perlidae ",1,5
"71",71,"3/11/2022","NM",3,4,1,"Plecoptera","Perlidae ",1,5
"72",72,"3/11/2022","NM",3,4,1,"Plecoptera","Perlidae ",1,10
"73",73,"3/11/2022","NM",3,4,1,"Ephemeroptera","Heptageniidae",1,5
"74",74,"3/11/2022","NM",3,4,1,"Ephemeroptera","Heptageniidae",1,5
"75",75,"3/11/2022","NM",3,4,1,"Ephemeroptera","Heptageniidae",1,5
"76",76,"3/11/2022","NM",3,4,1,"Ephemeroptera","Heptageniidae",1,1
"77",77,"3/11/2022","NM",3,4,1,"Plecoptera","Perlodidae",1,5
"78",78,"3/11/2022","NM",3,4,1,"Ephemeroptera","Baetidae",1,5
"79",79,"3/11/2022","NM",5,4,2,"Ephemeroptera","Heptageniidae",1,1
"80",80,"3/11/2022","NM",5,4,2,"Ephemeroptera","Heptageniidae",1,1
"81",81,"3/11/2022","NM",5,4,2,"Ephemeroptera","Heptageniidae",1,5
"82",82,"3/11/2022","NM",5,4,2,"Ephemeroptera","Heptageniidae",1,5
"83",83,"3/11/2022","NM",5,4,2,"Ephemeroptera","Heptageniidae",1,5
"84",84,"3/11/2022","NM",5,4,2,"PLecoptera","Perlodidae",1,5
"85",85,"3/11/2022","NM",5,4,2,"PLecoptera","Leuctridae",1,5
"86",86,"3/11/2022","NM",5,4,2,"Ephemeroptera","Baetidae",1,1
"87",87,"3/11/2022","NM",5,4,2,"Ephemeroptera","Baetidae",1,1
"88",88,"3/11/2022","NM",5,4,2,"Ephemeroptera","Baetidae",1,5
"89",89,"3/11/2022","NM",2,1,2,"Ephemeroptera","Leptohyphidae",1,5
"90",90,"3/11/2022","NM",2,1,2,"PLecoptera","Perlodidae",1,10
"91",91,"3/11/2022","NM",3,5,1,"plecoptera","Perlidae ",1,10
"92",92,"3/11/2022","NM",3,5,1,"Ephemeroptera","Heptageniidae",1,5
"93",93,"3/11/2022","NM",3,5,1,"Ephemeroptera","Heptageniidae",1,1
"94",94,"3/11/2022","NM",3,5,1,"Ephemeroptera","Heptageniidae",1,5
"95",95,"3/11/2022","NM",3,5,1,"Ephemeroptera","Heptageniidae",1,1
"96",96,"3/11/2022","NM",3,5,1,"Trichoptera","Hydropsychidae",1,5
"97",97,"3/11/2022","NM",3,5,1,"Ephemeroptera","Leptophlebiidae",1,5
"98",98,"3/11/2022","NM",3,5,1,"Ephemeroptera","Leptohyphidae",1,5
"99",99,"3/11/2022","NM",3,5,1,"Ephemeroptera","Baetidae",1,5
"100",100,"3/11/2022","NM",3,5,1,"Ephemeroptera","Baetidae",1,1
"101",101,"3/11/2022","NM",5,1,1,"plecoptera","Perlidae ",1,10
"102",102,"3/11/2022","NM",5,1,1,"Ephemeroptera","Heptageniidae",1,5
"103",103,"3/11/2022","NM",5,1,1,"Ephemeroptera","Heptageniidae",1,5
"104",104,"3/11/2022","NM",5,1,1,"Ephemeroptera","Heptageniidae",1,5
"105",105,"3/11/2022","NM",5,1,1,"Ephemeroptera","Heptageniidae",1,1
"106",106,"3/11/2022","NM",5,1,1,"Ephemeroptera","Heptageniidae",1,5
"107",107,"3/11/2022","NM",5,1,1,"Ephemeroptera","Heptageniidae",1,5
"108",108,"3/11/2022","NM",5,1,1,"Ephemeroptera","Heptageniidae",1,1
"109",109,"3/11/2022","NM",5,1,1,"Ephemeroptera","Heptageniidae",1,1
"110",110,"3/11/2022","NM",5,1,1,"Ephemeroptera","Heptageniidae",1,5
"111",111,"3/11/2022","NM",5,1,1,"Ephemeroptera","Heptageniidae",1,5
"112",112,"3/11/2022","NM",5,1,1,"plecoptera","Perlodidae",1,5
"113",113,"3/11/2022","NM",5,1,1,"plecoptera","Perlodidae",1,5
"114",114,"3/11/2022","NM",5,1,1,"Ephemeroptera","Leptohyphidae",1,5
"115",115,"3/11/2022","NM",5,1,1,"Ephemeroptera","Leptohyphidae",1,5
"116",116,"3/10/2022","NM",1,2,2,"plecoptera","Perlodidae",1,5
"117",117,"3/10/2022","NM",1,2,2,"plecoptera","Perlodidae",1,5
"118",118,"3/10/2022","NM",1,2,2,"plecoptera","Perlodidae",1,5
"119",119,"3/10/2022","NM",1,2,2,"plecoptera","Perlidae ",1,10
"120",120,"3/10/2022","NM",1,2,2,"Ephemeroptera","Heptageniidae",1,5
"121",121,"3/10/2022","NM",1,2,2,"Ephemeroptera","Heptageniidae",1,5
"122",122,"3/10/2022","NM",1,2,2,"Ephemeroptera","Heptageniidae",1,5
"123",123,"3/10/2022","NM",1,2,2,"Ephemeroptera","Heptageniidae",1,5
"124",124,"3/10/2022","NM",1,2,2,"Ephemeroptera","Heptageniidae",1,5
"125",125,"3/10/2022","NM",1,2,2,"Ephemeroptera","Heptageniidae",1,1
"126",126,"3/10/2022","NM",1,2,2,"Ephemeroptera","Heptageniidae",1,1
"127",127,"3/10/2022","NM",1,2,2,"Ephemeroptera","Heptageniidae",1,5
"128",128,"3/10/2022","NM",1,2,2,"Ephemeroptera","Heptageniidae",1,5
"129",129,"3/10/2022","NM",1,2,2,"Ephemeroptera","Heptageniidae",1,5
"130",130,"3/10/2022","NM",1,2,2,"Ephemeroptera","Heptageniidae",1,5
"131",131,"3/10/2022","NM",1,2,2,"Ephemeroptera","Heptageniidae",1,5
"132",132,"3/10/2022","NM",1,2,2,"Ephemeroptera","Heptageniidae",1,5
"133",133,"3/10/2022","NM",1,2,2,"Ephemeroptera","Heptageniidae",1,5
"134",134,"3/10/2022","NM",1,2,2,"Ephemeroptera","Heptageniidae",1,5
"135",135,"3/10/2022","NM",1,2,2,"Ephemeroptera","Heptageniidae",1,5
"136",136,"3/10/2022","NM",1,2,2,"Ephemeroptera","Heptageniidae",1,5
"137",137,"3/10/2022","NM",1,2,2,"Ephemeroptera","Heptageniidae",1,5
"138",138,"3/10/2022","NM",1,2,2,"Ephemeroptera","Heptageniidae",1,5
"139",139,"3/10/2022","NM",1,2,2,"Ephemeroptera","Heptageniidae",1,5
"140",140,"3/10/2022","NM",1,2,2,"Ephemeroptera","Baetidae",1,5
"141",141,"3/10/2022","NM",1,2,2,"Ephemeroptera","Baetidae",1,5
"142",142,"3/10/2022","NM",1,2,2,"Ephemeroptera","Baetidae",1,5
"143",143,"3/10/2022","NM",1,2,2,"Ephemeroptera","Baetidae",1,5
"144",144,"3/10/2022","NM",1,2,2,"Ephemeroptera","Baetidae",1,5
"145",145,"3/10/2022","NM",1,2,2,"Ephemeroptera","Baetidae",1,5
"146",146,"3/10/2022","NM",1,2,2,"Ephemeroptera","Leptohyphidae",1,5
"147",147,"3/10/2022","NM",1,2,2,"Ephemeroptera","Leptophlebiidae",1,1
"148",148,"3/10/2022","NM",1,2,2,"Trichoptera","Dipseudopsidae",1,5
"149",149,"3/10/2022","NM",1,1,2,"Ephemeroptera","Heptageniidae",1,1
"150",150,"3/10/2022","NM",1,1,2,"Ephemeroptera","Heptageniidae",1,1
"151",151,"3/10/2022","NM",1,1,2,"Ephemeroptera","Heptageniidae",1,5
"152",152,"3/10/2022","NM",1,1,2,"Ephemeroptera","Leptophlebiidae",1,5
"153",153,"3/10/2022","NM",1,1,2,"Ephemeroptera","Leptophlebiidae",1,5
"154",154,"3/10/2022","NM",1,4,2,"Ephemeroptera","Heptageniidae",1,5
"155",155,"3/10/2022","NM",1,4,2,"Ephemeroptera","Heptageniidae",1,1
"156",156,"3/10/2022","NM",1,4,2,"Ephemeroptera","Leptophlebiidae",1,5
"157",157,"3/11/2022","NM",2,1,1,"Ephemeroptera","baetidae",1,1
"158",158,"3/11/2022","NM",2,1,1,"plecoptera","Perlodidae",1,1
"159",159,"3/11/2022","NM",2,5,2,"Ephemeroptera","Heptageniidae",1,5
"160",160,"3/11/2022","NM",2,5,2,"Ephemeroptera","baetidae",1,1
"161",161,"3/20/2022","SM ",4,1,1,"Ephemeroptera","Heptageniidae",1,10
"162",162,"3/20/2022","SM ",4,1,1,"Ephemeroptera","Heptageniidae",1,10
"163",163,"3/20/2022","SM ",4,1,1,"Ephemeroptera","Heptageniidae",1,5
"164",164,"3/20/2022","SM ",4,1,1,"Ephemeroptera","Heptageniidae",1,5
"165",165,"3/20/2022","SM ",4,1,1,"Ephemeroptera","Heptageniidae",1,5
"166",166,"3/20/2022","SM ",4,1,1,"Ephemeroptera","Ephemerellidae",1,5
"167",167,"3/20/2022","SM ",4,1,1,"Ephemeroptera","Leptohyphidae",1,10
"168",168,"3/20/2022","SM",2,1,1,"Plecoptera","Perlidae",1,5
"169",169,"3/20/2022","SM",2,1,1,"Ephemoptera","Heptageniidae",1,5
"170",170,"3/20/2022","SM",2,1,1,"Ephemoptera","Heptageniidae",6,5
"171",171,"3/20/2022","SM",2,1,1,"Ephemoptera","Heptageniidae",1,1
"172",172,"3/20/2022","SM",2,1,1,"Ephemoptera","Leptophlebiidae",1,5
"173",173,"3/20/2022","SM",2,1,1,"Trichoptera","Hydropsychidae ",2,5
"174",174,"3/20/2022","SM",2,1,1,"Trichoptera","Rhyacophilidae",1,5
"175",175,"2/26/2022","NM",2,2,2,"Ephemoptera","Heptageniidae",1,10
"176",176,"2/26/2022","NM",2,2,2,"Ephemoptera","Heptageniidae",1,5
"177",177,"2/26/2022","NM",2,2,2,"Plecoptera","Perlodidae",1,5
"178",178,"2/26/2022","NM",2,2,2,"Ephemoptera","Leptophlebiidae",2,5
"179",179,"3/11/2022","NM",5,4,1,"Ephemoptera","Heptageniidae",4,1
"180",180,"3/11/2022","NM",5,4,1,"Ephemoptera","Heptageniidae",3,5
"181",181,"3/11/2022","NM",5,4,1,"Ephemoptera","Baetidae",2,5
"182",182,"3/11/2022","NM",5,4,1,"Plecoptera","Perlidae",1,5
"183",183,"3/11/2022","NM",5,4,1,"Plecoptera","Chloroperlidae",1,5
"184",184,"3/11/2022","NM",5,4,1,"Trichoptera","Rhyacophilidae",1,5
"185",185,"3/11/2022","NM",3,4,2,"Ephemoptera","Heptageniidae",1,1
"186",186,"3/11/2022","NM",3,4,2,"Ephemoptera","Heptageniidae",1,5
"187",187,"3/11/2022","NM",3,4,2,"Ephemoptera","Heptageniidae",1,1
"188",188,"3/11/2022","NM",3,4,2,"Ephemoptera","Heptageniidae",1,1
"189",189,"3/11/2022","NM",3,4,2,"Ephemoptera","Heptageniidae",1,1
"190",190,"3/11/2022","NM",3,4,2,"Ephemoptera","Ephemerellidae",1,1
"191",191,"3/11/2022","NM",3,4,2,"Ephemoptera","Leptophlebiidae",1,1
"192",192,"3/11/2022","NM",3,4,2,"Plecoptera","Perlodidae",1,1
"193",193,"3/11/2022","NM",3,4,2,"Plecoptera","Capniidae",1,1
"194",194,"3/11/2022","NM",3,4,2,"Trichoptera","Philopotamidae",1,1
"195",195,"3/11/2022","NM",3,2,1,"Ephemeroptera","Heptageniidae",1,10
"196",196,"3/11/2022","NM",3,2,1,"Ephemeroptera","Heptageniidae",1,10
"197",197,"3/11/2022","NM",3,2,1,"Ephemeroptera","Heptageniidae",1,5
"198",198,"3/11/2022","NM",3,2,1,"Ephemeroptera","Heptageniidae",1,5
"199",199,"3/11/2022","NM",3,2,1,"Ephemeroptera","Heptageniidae",1,5
"200",200,"3/11/2022","NM",3,2,1,"Ephemeroptera","Heptageniidae",1,1
"201",201,"3/11/2022","NM",3,2,1,"Ephemeroptera","Heptageniidae",1,1
"202",202,"3/11/2022","NM",3,2,1,"Ephemeroptera","Heptageniidae",1,1
"203",203,"3/11/2022","NM",3,2,1,"Ephemeroptera","Heptageniidae",1,1
"204",204,"3/11/2022","NM",3,2,1,"Ephemeroptera","Heptageniidae",1,1
"205",205,"3/11/2022","NM",3,2,1,"Ephemeroptera","Heptageniidae",1,1
"206",206,"3/11/2022","NM",3,2,1,"Ephemeroptera","Heptageniidae",1,1
"207",207,"3/11/2022","NM",3,2,1,"Ephemeroptera","Heptageniidae",1,1
"208",208,"3/11/2022","NM",3,2,1,"Ephemeroptera","Heptageniidae",1,1
"209",209,"3/11/2022","NM",3,2,1,"Ephemeroptera","Heptageniidae",1,1
"210",210,"3/11/2022","NM",3,2,1,"Ephemeroptera","Heptageniidae",1,1
"211",211,"3/11/2022","NM",3,2,1,"Ephemeroptera","Heptageniidae",1,1
"212",212,"3/11/2022","NM",3,2,1,"Ephemeroptera","Leptophlebiidae",1,1
"213",213,"3/11/2022","NM",3,2,1,"Ephemeroptera","Leptophlebiidae",1,1
"214",214,"3/11/2022","NM",3,2,1,"Ephemeroptera","Leptophlebiidae",1,1
"215",215,"3/11/2022","NM",3,2,1,"Ephemeroptera","Leptophlebiidae",1,1
"216",216,"3/11/2022","NM",3,2,1,"Plecoptera","Perlodidae",1,1
"217",217,"3/11/2022","NM",3,2,1,"Plecoptera","Perlodidae",1,1
"218",218,"3/11/2022","NM",3,2,1,"Plecoptera","Perlodidae",1,1
"219",219,"3/11/2022","NM",3,2,1,"Plecoptera","Perlodidae",1,1
"220",220,"3/11/2022","NM",3,2,1,"Plecoptera","Perlidae",1,1
"221",221,"3/11/2022","NM",2,3,1,"Ephemeroptera","Leptophlebiidae",1,1
"222",222,"3/11/2022","NM",2,3,1,"Plecoptera","Perlodidae",1,1
"223",223,"3/11/2022","NM",2,3,1,"Trichoptera","Philopotamidae",1,1
"224",224,"3/11/2022","NM",3,1,2,"Ephemeroptera","Heptageniidae",1,5
"225",225,"3/11/2022","NM",3,1,2,"Ephemeroptera","Heptageniidae",1,1
"226",226,"3/11/2022","NM",3,1,2,"Ephemeroptera","Heptageniidae",1,1
"227",227,"3/11/2022","NM",3,1,2,"Ephemeroptera","Heptageniidae",1,1
"228",228,"3/11/2022","NM",3,1,2,"Ephemeroptera","Heptageniidae",1,1
"229",229,"3/11/2022","NM",3,1,2,"Ephemeroptera","Heptageniidae",1,1
"230",230,"3/11/2022","NM",3,1,2,"Ephemeroptera","Heptageniidae",1,1
"231",231,"3/11/2022","NM",3,1,2,"Ephemeroptera","Leptophlebiidae",1,1
"232",232,"3/11/2022","NM",3,1,2,"Ephemeroptera","Leptohyphidae",1,1
"233",233,"3/11/2022","NM",3,1,2,"Plecoptera","Perlidae",1,5
"234",234,"3/11/2022","NM",3,1,2,"Plecoptera","Perlodidae",1,1
"235",235,"3/11/2022","NM",3,1,2,"Plecoptera","Perlodidae",1,1
"236",236,"3/11/2022","NM",3,1,2,"Trichoptera","Philopotamidae",1,1
"237",237,"3/10/2022","NM",4,5,2,"Ephemeroptera","Heptageniidae",1,1
"238",238,"3/10/2022","NM",4,5,2,"Ephemeroptera","Heptageniidae",1,1
"239",239,"3/10/2022","NM",4,5,2,"Ephemeroptera","Heptageniidae",1,1
"240",240,"3/10/2022","NM",4,5,2,"Ephemeroptera","Heptageniidae",1,1
"241",241,"3/10/2022","NM",4,5,2,"Ephemeroptera","Heptageniidae",1,1
"242",242,"3/10/2022","NM",4,5,2,"Ephemeroptera","Heptageniidae",1,1
"243",243,"3/10/2022","NM",4,5,2,"Ephemeroptera","Heptageniidae",1,1
"244",244,"3/10/2022","NM",4,5,2,"Ephemeroptera","Heptageniidae",1,1
"245",245,"3/10/2022","NM",4,5,2,"Ephemeroptera","Heptageniidae",1,1
"246",246,"3/10/2022","NM",4,5,2,"Ephemeroptera","Heptageniidae",1,1
"247",247,"3/10/2022","NM",4,5,2,"Ephemeroptera","Heptageniidae",1,1
"248",248,"3/10/2022","NM",4,5,2,"Ephemeroptera","Heptageniidae",1,1
"249",249,"3/10/2022","NM",4,5,2,"Ephemeroptera","Caenidae",1,1
"250",250,"3/10/2022","NM",4,5,2,"Ephemeroptera","Caenidae",1,1
"251",251,"3/10/2022","NM",4,5,2,"Trichoptera","Dipseudopsidae",1,1
"252",252,"3/10/2022","NM",4,5,2,"Trichoptera","Dipseudopsidae",1,1
"253",253,"3/10/2022","NM",4,5,2,"Trichoptera","Philopotamidae",1,1
"254",254,"3/10/2022","NM",4,5,2,"Plecoptera","Perlodidae",1,1
"255",255,"3/11/2022","NM",2,2,1,"Ephemeroptera","Heptageniidae",1,1
"256",256,"3/11/2022","NM",2,2,1,"Ephemeroptera","Heptageniidae",1,1
"257",257,"3/11/2022","NM",2,2,1,"Ephemeroptera","Heptageniidae",1,10
"258",258,"3/11/2022","NM",2,2,1,"Ephemeroptera","Leptophlebiidae",1,1
"259",259,"3/11/2022","NM",2,2,1,"Plecoptera","Perlodidae",1,1
"260",260,"2/20/2022","SM",5,3,1,"Plecoptera","Perlodidae",1,1
"261",261,"2/20/2022","SM",5,3,1,"Plecoptera","Perlodidae",1,1
"262",262,"2/20/2022","SM",3,1,1,"Plecoptera","Pteronarcyidae",1,1
"263",263,"2/20/2022","SM ",3,1,1,"Ephemeroptera","Heptageniidae",1,1
"264",264,"2/20/2022","SM",2,4,1,"Ephemeroptera","Heptageniidae",1,1
"265",265,"2/20/2022","SM",2,4,1,"Ephemeroptera","Heptageniidae",1,1
"266",266,"2/20/2022","SM",2,4,1,"Plecoptera","Perlodidae",1,5
"267",267,"2/20/2022","SM",2,4,1,"Plecoptera","Perlodidae",1,1
"268",268,"2/20/2022","SM",2,4,1,"Plecoptera","Perlodidae",1,1
"269",269,"2/20/2022","SM",4,4,2,"Trichoptera","Brachycentridae",1,1
"270",270,"2/20/2022","SM",4,4,2,"Trichoptera","Brachycentridae",1,5
"271",271,"2/20/2022","SM",4,4,2,"Ephemeroptera","Neoephemeridae",1,5
"272",272,"2/20/2022","SM",4,4,2,"Ephemeroptera","Neoephemeridae",1,5
"273",273,"2/20/2022","SM",4,4,2,"Ephemeroptera","Heptageniidae",1,5
"274",274,"2/20/2022","SM",4,4,2,"Ephemeroptera","Heptageniidae",1,1
"275",275,"2/20/2022","SM",4,4,2,"Ephemeroptera","Heptageniidae",1,1
"276",276,"2/20/2022","SM",4,4,2,"Ephemeroptera","Heptageniidae",1,1
"277",277,"2/20/2022","SM",4,4,2,"Ephemeroptera","Heptageniidae",1,1
"278",278,"2/20/2022","SM",4,4,2,"Ephemeroptera","Heptageniidae",1,1
"279",279,"2/20/2022","SM",4,4,2,"Plecoptera","perlidae",1,5
"280",280,"2/20/2022","SM",4,4,2,"Plecoptera","Nemouridae",1,10
"281",281,"2/20/2022","SM",4,4,2,"Plecoptera","Perlodidae",1,1
"282",282,"2/20/2022","SM",4,4,2,"Plecoptera","Perlodidae",1,1
"283",283,"2/20/2022","SM",4,4,2,"Plecoptera","Perlodidae",1,1
"284",284,"2/20/2022","SM",4,4,2,"Plecoptera","Perlodidae",1,1
"285",285,"2/20/2022","SM",4,4,2,"Plecoptera","Perlodidae",1,1
"286",286,"2/20/2022","SM",4,4,2,"Plecoptera","Perlidae",1,1
"287",287,"2/20/2022","SM",4,4,2,"Plecoptera","Perlidae",1,1
"288",288,"2/20/2022","SM",4,4,2,"Plecoptera","Perlidae",1,1
"289",289,"2/20/2022","SM",4,4,2,"Trichoptera","Philopotamidae",1,1
"290",290,"2/20/2022","SM",2,3,2,"trichoptera","Glossosomatidae",1,1
"291",291,"2/20/2022","SM",2,3,2,"Ephemeroptera","Heptageniidae",1,1
"292",292,"2/20/2022","SM",2,3,2,"Ephemeroptera","Heptageniidae",1,1
"293",293,"2/20/2022","SM",2,3,2,"Ephemeroptera","Heptageniidae",1,1
"294",294,"2/20/2022","SM",2,3,2,"Plecoptera","Perlodidae",1,1
"295",295,"2/20/2022","SM",3,5,2,"Trichoptera","Odontoceridae",1,1
"296",296,"2/20/2022","SM",3,5,2,"Ephemeroptera","Heptageniidae",1,1
"297",297,"2/20/2022","SM",3,5,2,"Ephemeroptera","Heptageniidae",1,1
"298",298,"2/20/2022","SM",3,5,2,"Ephemeroptera","Heptageniidae",1,1
"299",299,"2/20/2022","SM",3,5,2,"Plecoptera","Perlidae",1,1
"300",300,"2/20/2022","SM",3,5,2,"Plecoptera","Perlodidae",1,1
"301",301,"2/20/2022","SM",3,5,2,"Plecoptera","Perlodidae",1,1
"302",302,"2/20/2022","SM",3,1,2,"Ephemeroptera","Heptageniidae",1,5
"303",303,"2/20/2022","SM",3,1,2,"Ephemeroptera","Heptageniidae",1,1
"304",304,"2/20/2022","SM",3,1,2,"Plecoptera","Perlodidae",1,10
"305",305,"2/20/2022","SM",3,1,2,"Plecoptera","Perlodidae",1,1
"306",306,"2/20/2022","SM",4,3,2,"Trichoptera","Brachycentridae",1,5
"307",307,"2/20/2022","SM",4,3,2,"Trichoptera","Dipseudopsidae",1,1
"308",308,"2/20/2022","SM",4,3,2,"Plecoptera","Perlidae",1,1
"309",309,"2/20/2022","SM",1,3,2,"Ephemeroptera","Heptageniidae",1,1
"310",310,"2/20/2022","SM",1,3,2,"Ephemeroptera","Heptageniidae",1,1
"311",311,"2/20/2022","SM",1,3,2,"Trichoptera","Hydroptilidae",1,1
"312",312,"2/20/2022","SM",1,5,2,"Trichoptera","Brachycentridae",1,5
"313",313,"2/20/2022","SM",1,5,2,"Trichoptera","Hydropsychidae ",1,1
"314",314,"2/20/2022","SM",1,5,2,"Trichoptera","Philopotamidae",1,1
"315",315,"2/20/2022","SM",1,5,2,"Plecoptera","Perlodidae",1,1
"316",316,"2/20/2022","SM",1,5,2,"Plecoptera","Perlodidae",1,1
"317",317,"2/20/2022","SM",1,5,2,"Plecoptera","Perlidae",1,1
"318",318,"2/20/2022","SM",1,2,1,"Ephemeroptera","Heptageniidae",1,5
"319",319,"2/20/2022","SM",1,2,1,"Ephemeroptera","Heptageniidae",1,1
"320",320,"2/20/2022","SM",1,2,1,"Ephemeroptera","Heptageniidae",1,1
"321",321,"2/20/2022","SM",1,2,1,"Ephemeroptera","Heptageniidae",1,1
"322",322,"2/20/2022","SM",1,2,1,"Ephemeroptera","Heptageniidae",1,1
"323",323,"2/20/2022","SM",1,2,1,"Ephemeroptera","Heptageniidae",1,1
"324",324,"2/20/2022","SM",1,2,1,"Ephemeroptera","Heptageniidae",1,1
"325",325,"2/20/2022","SM",1,2,1,"Ephemeroptera","Heptageniidae",1,1
"326",326,"2/20/2022","SM",1,2,1,"Ephemeroptera","Heptageniidae",1,1
"327",327,"2/20/2022","SM",1,2,1,"Ephemeroptera","Heptageniidae",1,1
"328",328,"2/20/2022","SM",1,2,1,"Ephemeroptera","Heptageniidae",1,1
"329",329,"2/20/2022","SM",1,2,1,"Ephemeroptera","Ephemerellidae",1,1
"330",330,"2/20/2022","SM",1,2,1,"Plecoptera","Perlodidae",1,1
"331",331,"2/20/2022","SM",1,2,1,"Plecoptera","Perlodidae",1,1
"332",332,"2/20/2022","SM",1,2,1,"Plecoptera","Perlodidae",1,1
"333",333,"2/20/2022","SM",1,2,1,"Plecoptera","Perlodidae",1,1
"334",334,"2/20/2022","SM",1,2,1,"Plecoptera","Perlodidae",1,1
"335",335,"2/20/2022","SM",1,2,1,"Plecoptera","Perlodidae",1,1
"336",336,"2/20/2022","SM",1,2,1,"Plecoptera","Perlodidae",1,1
"337",337,"2/20/2022","SM",1,2,1,"Plecoptera","Perlodidae",1,1
"338",338,"2/20/2022","SM",1,2,1,"Plecoptera","Perlodidae",1,1
"339",339,"2/20/2022","SM",1,2,1,"Plecoptera","Perlodidae",1,1
"340",340,"2/20/2022","SM",1,2,1,"Plecoptera","Perlidae",1,1
"341",341,"2/20/2022","SM",1,2,1,"Plecoptera","Perlidae",1,1
"342",342,"2/20/2022","SM",1,2,1,"Plecoptera","Perlidae",1,1
"343",343,"2/20/2022","SM",1,2,1,"Plecoptera","Perlidae",1,1
"344",344,"2/20/2022","SM",1,2,1,"Plecoptera","Perlidae",1,1
"345",345,"2/20/2022","SM",1,2,1,"Trichoptera","Glossosomatidae",1,1
"346",346,"2/20/2022","SM",1,2,1,"Ephemeroptera","Metretopodidae",1,1
"347",347,"2/20/2022","SM",1,2,1,"Plecoptera","Perlidae",1,1
"348",348,"2/20/2022","SM",1,2,1,"Trichoptera","Brachycentridae",1,1
"349",349,"2/20/2022","SM",1,2,1,"Trichoptera","Rhyacophilidae",1,1
"350",350,"2/20/2022","SM",2,2,2,"Ephemeroptera","Heptageniidae",1,1
"351",351,"2/20/2022","SM",2,2,2,"Ephemeroptera","Heptageniidae",1,1
"352",352,"2/20/2022","SM",2,2,2,"Ephemeroptera","Heptageniidae",1,1
"353",353,"2/20/2022","SM",2,2,2,"Plecoptera","Perlodidae",1,1
"354",354,"2/20/2022","SM",2,2,2,"Plecoptera","Perlodidae",1,1
"355",355,"2/20/2022","SM",2,2,2,"Plecoptera","Capniidae",1,1
"356",356,"2/20/2022","SM",2,2,2,"Trichoptera","Sericostomatidae",1,1
"357",357,"2/20/2022","SM",2,2,2,"Trichoptera","Glossosomatidae",1,1
"358",358,"2/20/2022","SM",1,1,2,"Ephemeroptera","Heptageniidae",1,1
"359",359,"2/20/2022","SM",1,1,2,"Ephemeroptera","Heptageniidae",1,1
"360",360,"2/20/2022","SM",1,1,2,"Ephemeroptera","Heptageniidae",1,1
"361",361,"2/20/2022","SM",1,1,2,"Ephemeroptera","Heptageniidae",1,1
"362",362,"2/20/2022","SM",1,1,2,"Ephemeroptera","Heptageniidae",1,1
"363",363,"2/20/2022","SM",1,1,2,"Ephemeroptera","Neoephemeridae",1,10
"364",364,"2/20/2022","SM",1,1,2,"Plecoptera","Perlidae",1,1
"365",365,"2/20/2022","SM",1,1,2,"Trichoptera","Sericostomatidae",1,1
"366",366,"2/20/2022","SM",1,1,2,"Trichoptera","Sericostomatidae",1,1
"367",367,"2/20/2022","SM",3,5,1,"Ephemeroptera","Ephemerellidae",1,1
"368",368,"2/20/2022","SM",5,2,1,"Ephemeroptera","Heptageniidae",1,1
"369",369,"2/20/2022","SM",5,2,1,"Ephemeroptera","Heptageniidae",1,1
"370",370,"2/20/2022","SM",5,2,1,"Ephemeroptera","Ephemerellidae",1,1
"371",371,"2/20/2022","SM",5,2,1,"Plecoptera","Perlodidae",1,1
"372",372,"2/20/2022","SM",3,2,1,"Ephemeroptera","Heptageniidae",1,5
"373",373,"2/20/2022","SM",3,2,1,"Plecoptera","Perlidae",1,1
"374",374,"2/20/2022","SM",1,5,1,"Ephemeroptera","Heptageniidae",1,1
"375",375,"2/20/2022","SM ",1,5,1,"Ephemeroptera","Heptageniidae",1,1
"376",376,"2/20/2022","SM",2,1,2,"Ephemeroptera","Heptageniidae",1,1
"377",377,"2/20/2022","SM",2,1,2,"Ephemeroptera","Heptageniidae",1,1
"378",378,"2/20/2022","SM",2,1,2,"Ephemeroptera","Ephemerellidae",1,1
"379",379,"2/20/2022","SM",2,1,2,"Plecoptera","Perlodidae",1,1
"380",380,"2/20/2022","SM",2,1,2,"Plecoptera","Perlodidae",1,1
"381",381,"2/20/2022","SM",2,1,2,"Plecoptera","Perlodidae",1,1
"382",382,"2/20/2022","SM",2,1,2,"Plecoptera","Perlodidae",1,1
"383",383,"2/20/2022","SM",2,1,2,"Plecoptera","Perlodidae",1,1
"384",384,"2/20/2022","SM",2,1,2,"Plecoptera","Perlodidae",1,1
"385",385,"2/20/2022","SM",2,1,2,"Plecoptera","Perlidae",1,1
"386",386,"2/20/2022","SM",2,1,2,"Plecoptera","Perlidae",1,1
"387",387,"2/20/2022","SM",3,3,2,"Ephemeroptera","Baetidae",1,1
"388",388,"2/20/2022","SM",5,1,1,"Ephemeroptera","Heptageniidae",1,1
"389",389,"2/20/2022","SM",5,1,1,"Ephemeroptera","Heptageniidae",1,1
"390",390,"2/20/2022","SM",5,1,1,"Ephemeroptera","Heptageniidae",1,5
"391",391,"2/20/2022","SM",5,1,1,"Plecoptera","Perlodidae",1,1
"392",392,"2/20/2022","SM",5,1,1,"Plecoptera","Perlodidae",1,1
"393",393,"2/20/2022","SM",5,1,1,"Plecoptera","Perlodidae",1,1
"394",394,"2/20/2022","SM",3,5,1,"Ephemeroptera","Heptageniidae",1,1
"395",395,"2/20/2022","SM",3,5,1,"Ephemeroptera","Heptageniidae",1,1
"396",396,"2/20/2022","SM",3,5,1,"Ephemeroptera","Baetidae",1,1
"397",397,"2/20/2022","SM",3,5,1,"Ephemeroptera","Baetidae",1,1
"398",398,"2/20/2022","SM",3,5,1,"Plecoptera","Perlodidae",1,1
"399",399,"2/20/2022","SM",2,5,1,"Ephemeroptera","Heptageniidae",1,5
"400",400,"2/20/2022","SM",2,5,1,"Ephemeroptera","Heptageniidae",1,5
"401",401,"2/20/2022","SM",2,5,1,"Ephemeroptera","Heptageniidae",1,5
"402",402,"2/20/2022","SM",2,5,1,"Ephemeroptera","Heptageniidae",1,1
"403",403,"2/20/2022","SM",2,5,1,"Ephemeroptera","Heptageniidae",1,1
"404",404,"2/20/2022","SM",2,5,1,"Ephemeroptera","Heptageniidae",1,1
"405",405,"2/20/2022","SM",2,5,1,"Ephemeroptera","Heptageniidae",1,1
"406",406,"2/20/2022","SM",2,5,1,"Ephemeroptera","Heptageniidae",1,1
"407",407,"2/20/2022","SM",5,3,2,"Plecoptera","Perlidae",1,10
"408",408,"2/20/2022","SM",5,3,2,"Plecoptera","Perlidae",1,1
"409",409,"2/20/2022","SM",5,3,2,"Plecoptera","Perlodidae",1,1
"410",410,"2/20/2022","SM",5,1,2,"Ephemeroptera","Heptageniidae",1,1
"411",411,"2/20/2022","SM",5,1,2,"Trichoptera","Thremmatidae",1,10
"412",412,"2/20/2022","SM",5,2,2,"Plecoptera","Perlodidae",1,5
"413",413,"2/20/2022","SM",5,2,2,"Plecoptera","Perlodidae",1,1
"414",414,"2/20/2022","SM",5,2,2,"Plecoptera","Perlodidae",1,1
"415",415,"2/20/2022","SM",5,2,2,"Ephemeroptera","Heptageniidae",1,1
"416",416,"2/20/2022","SM",5,2,2,"Ephemeroptera","Heptageniidae",1,1
"417",417,"2/20/2022","SM",5,2,2,"Ephemeroptera","Baetiscidae",1,1
"418",418,"2/20/2022","SM",5,2,2,"Ephemeroptera","Batidae",1,1
"419",419,"2/20/2022","SM",3,2,2,"Ephemeroptera","Heptageniidae",1,5
"420",420,"2/20/2022","SM",3,2,2,"Plecoptera","Perlodidae",1,1
"421",421,"2/20/2022","SM",4,5,1,"Ephemeroptera","Heptageniidae",1,1
"422",422,"2/20/2022","SM",4,5,1,"Ephemeroptera","Heptageniidae",1,1
"423",423,"2/20/2022","SM",4,5,1,"Ephemeroptera","Heptageniidae",1,1
"424",424,"2/20/2022","SM",4,5,1,"Plecoptera","Perlodidae",1,1
"425",425,"2/20/2022","SM",4,5,1,"Plecoptera","Perlodidae",1,1
"426",426,"2/20/2022","SM",4,5,1,"Plecoptera","Perlodidae",1,1
"427",427,"2/20/2022","SM",4,5,1,"Plecoptera","Perlodidae",1,1
"428",428,"2/20/2022","SM",4,4,1,"Trichoptera","Brachycentridae",1,1
"429",429,"2/20/2022","SM",4,4,1,"Ephemeroptera","Baetidae",1,1
"430",430,"2/20/2022","SM",4,4,1,"Ephemeroptera","Baetidae",1,1
"431",431,"2/20/2022","SM",4,4,1,"Ephemeroptera","Baetidae",1,1
"432",432,"2/20/2022","SM",4,4,1,"Ephemeroptera","Baetidae",1,1
"433",433,"2/20/2022","SM",4,4,1,"Ephemeroptera","Baetidae",1,1
"434",434,"2/20/2022","SM",4,4,1,"Ephemeroptera","Baetidae",1,1
"435",435,"2/20/2022","SM",4,4,1,"Ephemeroptera","Baetidae",1,1
"436",436,"2/20/2022","SM",4,4,1,"Ephemeroptera","Baetidae",1,1
"437",437,"2/20/2022","SM",4,4,1,"Ephemeroptera","Baetidae",1,1
"438",438,"2/20/2022","SM",4,4,1,"Ephemeroptera","Baetidae",1,1
"439",439,"2/20/2022","SM",4,4,1,"Ephemeroptera","Baetidae",1,1
"440",440,"2/20/2022","SM",4,4,1,"Ephemeroptera","Baetidae",1,1
"441",441,"2/20/2022","SM",5,4,1,"Ephemeroptera","Heptageniidae",1,1
"442",442,"2/20/2022","SM",3,4,1,"Ephemeroptera","Heptageniidae",1,1
"443",443,"2/20/2022","SM",3,4,1,"Ephemeroptera","Baetidae",1,1
"444",444,"2/20/2022","SM",3,4,1,"Plecoptera","Perlodidae",1,1
"445",445,"2/20/2022","SM",3,4,1,"Plecoptera","Perlidae",1,1
"446",446,"2/20/2022","SM",4,5,2,"Ephemeroptera","Heptageniidae",1,1
"447",447,"2/20/2022","SM",4,5,2,"Ephemeroptera","Baetidae",1,1
"448",448,"2/20/2022","SM",4,5,2,"Trichoptera","Hydropsychidae ",1,1
"449",449,"2/20/2022","SM",1,4,1,"Ephemeroptera","Baetidae",1,1
"450",450,"2/20/2022","SM",2,5,2,"Ephemeroptera","Heptageniidae",1,1
"451",451,"2/20/2022","SM",2,5,2,"Ephemeroptera","Heptageniidae",1,1
"452",452,"2/20/2022","SM",2,5,2,"Plecoptera","Perlodidae",1,1
"453",453,"2/20/2022","SM",2,5,2,"Plecoptera","Perlodidae",1,1
"454",454,"2/20/2022","SM",2,5,2,"Plecoptera","Perlodidae",1,1
"455",455,"2/20/2022","SM",2,5,2,"Plecoptera","Perlodidae",1,1
"456",456,"2/20/2022","SM",2,5,2,"Plecoptera","Perlodidae",1,1
"457",457,"2/20/2022","SM",2,5,2,"Ephemeroptera","Heptageniidae",1,1
"458",458,"2/20/2022","SM",2,5,2,"Trichoptera","Odontoceridae",1,1
"459",459,"2/20/2022","SM",4,1,1,"Ephemeroptera","Heptageniidae",1,1
"460",460,"2/20/2022","SM",4,1,1,"Ephemeroptera","Heptageniidae",1,1
"461",461,"2/20/2022","SM",4,1,1,"Ephemeroptera","Heptageniidae",1,1
"462",462,"2/20/2022","SM",5,4,2,"Plecoptera","Perlodidae",1,1
"463",463,"2/20/2022","SM",5,4,2,"Plecoptera","Perlodidae",1,1
"464",464,"2/20/2022","SM",5,4,2,"Trichoptera","Odontoceridae",1,1
"465",465,"2/20/2022","SM",4,3,1,"Plecoptera","Perlidae",1,1
"466",466,"2/20/2022","SM",4,3,1,"Plecoptera","Perlodidae",1,1
"467",467,"2/20/2022","SM",4,1,2,"Plecoptera","Perlodidae",1,1
"468",468,"2/20/2022","SM",4,1,2,"Ephemeroptera","Heptageniidae",1,1
"469",469,"2/20/2022","SM",4,1,2,"Ephemeroptera","Heptageniidae",1,1
"470",470,"2/20/2022","SM",4,1,2,"Ephemeroptera","Baetidae",1,1
"471",471,"2/20/2022","SM",2,3,1,"Plecoptera","Perlidae",1,5
"472",472,"2/20/2022","SM",2,3,1,"Plecoptera","Perlidae",1,5
"473",473,"2/20/2022","SM",2,3,1,"Ephemeroptera","Heptageniidae",1,1
"474",474,"2/20/2022","SM",2,3,1,"Ephemeroptera","Heptageniidae",1,1
"475",475,"2/20/2022","SM",2,3,1,"Ephemeroptera","Heptageniidae",1,1
"476",476,"2/20/2022","SM",2,3,1,"Ephemeroptera","Heptageniidae",1,1
"477",477,"2/20/2022","SM",2,3,1,"Ephemeroptera","Baetidae",1,1
"478",478,"2/20/2022","SM",2,3,1,"Ephemeroptera","Baetidae",1,1
"479",479,"2/20/2022","SM",2,3,1,"Plecoptera","Perlodidae",1,1
"480",480,"2/20/2022","SM",2,3,1,"Plecoptera","Perlodidae",1,1
"481",481,"2/20/2022","SM",2,3,1,"Plecoptera","Perlodidae",1,1
"482",482,"2/20/2022","SM",2,3,1,"Plecoptera","Perlodidae",1,1
"483",483,"2/20/2022","SM",2,3,1,"Plecoptera","Perlodidae",1,1
"484",484,"2/20/2022","SM",2,3,1,"Plecoptera","Perlodidae",1,1
"485",485,"2/20/2022","SM",2,3,1,"Plecoptera","Perlodidae",1,1
"486",486,"2/20/2022","SM",2,3,1,"Plecoptera","Perlodidae",1,1
"487",487,"2/20/2022","SM",2,3,1,"Plecoptera","Perlodidae",1,1
"488",488,"2/20/2022","SM",2,3,1,"Plecoptera","Perlodidae",1,1
"489",489,"2/20/2022","SM",2,3,1,"Plecoptera","Leuctridae",1,1
"490",490,"2/20/2022","SM",2,3,1,"Plecoptera","Leuctridae",1,1
"491",491,"2/20/2022","SM",2,3,1,"Plecoptera","Perlidae",1,1
"492",492,"2/20/2022","SM",2,3,1,"Plecoptera","Perlidae",1,1
"493",493,"2/20/2022","SM",2,3,1,"Plecoptera","Perlidae",1,1
"494",494,"2/20/2022","SM",2,3,1,"Plecoptera","Perlidae",1,1
"495",495,"2/20/2022","SM",2,3,1,"Plecoptera","Perlidae",1,1
"496",496,"2/20/2022","SM",2,3,1,"Plecoptera","Perlidae",1,1
"497",497,"2/20/2022","SM",2,3,1,"Plecoptera","Perlidae",1,1
"498",498,"2/20/2022","SM",2,3,1,"Plecoptera","Perlidae",1,1
"499",499,"2/20/2022","SM",1,4,2,"Ephemeroptera","Heptageniidae",1,1
"500",500,"2/20/2022","SM",1,4,2,"Ephemeroptera","Heptageniidae",1,1
"501",501,"2/20/2022","SM",1,4,2,"Trichoptera","Philopotamidae",1,1
"502",502,"2/20/2022","SM",2,1,1,"Ephemeroptera","Heptageniidae",1,5
"503",503,"2/20/2022","SM",2,1,1,"Ephemeroptera","Heptageniidae",1,1
"504",504,"2/20/2022","SM",2,1,1,"Ephemeroptera","Heptageniidae",1,1
"505",505,"2/20/2022","SM",2,1,1,"Ephemeroptera","Heptageniidae",1,1
"506",506,"2/20/2022","SM",2,1,1,"Ephemeroptera","Heptageniidae",1,1
"507",507,"2/20/2022","SM",2,1,1,"Plecoptera","Perlodidae",1,5
"508",508,"2/20/2022","SM",2,1,1,"Plecoptera","Perlidae",1,1
"509",509,"2/20/2022","SM",2,1,1,"Plecoptera","Perlodidae",1,1
"510",510,"2/20/2022","SM",1,3,1,"Ephemeroptera","Baetidae",1,1
"511",511,"2/20/2022","SM",1,3,1,"Trichoptera","Sericostomatidae",1,1
"512",512,"2/20/2022","SM",4,2,1,"Ephemeroptera","Heptageniidae",1,1
"513",513,"2/20/2022","SM",4,2,1,"Plecoptera","Perlodidae",1,1
"514",514,"2/20/2022","SM",4,2,1,"Plecoptera","Leuctridae",1,1
"515",515,"2/20/2022","SM",2,4,2,"Ephemeroptera","Heptageniidae",1,1
"516",516,"2/20/2022","SM",2,4,2,"Ephemeroptera","Heptageniidae",1,1
"517",517,"2/20/2022","SM",2,4,2,"Plecoptera","Perlodidae",1,1
"518",518,"2/20/2022","SM",2,4,2,"Plecoptera","Perlodidae",1,1
"519",519,"2/20/2022","SM",2,4,2,"Plecoptera","Perlodidae",1,1
"520",520,"2/20/2022","SM",2,4,2,"Plecoptera","Perlodidae",1,1
"521",521,"2/20/2022","SM",4,2,2,"Ephemeroptera","Heptageniidae",1,1
"522",522,"2/20/2022","SM",4,2,2,"Ephemeroptera","Heptageniidae",1,1
"523",523,"2/20/2022","SM",4,2,2,"Ephemeroptera","Heptageniidae",1,1
"524",524,"2/20/2022","SM",4,2,2,"Ephemeroptera","Heptageniidae",1,1
"525",525,"2/20/2022","SM",4,2,2,"Plecoptera","Perlidae",1,1
"526",526,"2/20/2022","SM",4,2,2,"Plecoptera","Perlidae",1,1
"527",527,"2/20/2022","SM",4,2,2,"Trichoptera","Limnephilidae",1,1
"528",528,"2/20/2022","SM",4,2,2,"Trichoptera","Limnephilidae",1,1
"529",529,"2/20/2022","SM ",1,2,2,"Ephemeroptera","Heptageniidae",1,1
"530",530,"2/20/2022","SM ",1,2,2,"Ephemeroptera","Heptageniidae",1,1
"531",531,"2/20/2022","SM ",1,2,2,"Ephemeroptera","Heptageniidae",1,1
"532",532,"2/20/2022","SM ",1,2,2,"Ephemeroptera","Heptageniidae",1,1
"533",533,"2/20/2022","SM ",1,2,2,"Ephemeroptera","Heptageniidae",1,1
"534",534,"2/20/2022","SM ",1,2,2,"Ephemeroptera","Baetidae",1,1
"535",535,"2/20/2022","SM ",1,2,2,"Ephemeroptera","Heptageniidae",1,1
"536",536,"2/20/2022","SM ",1,2,2,"Plecoptera","Perlodidae",1,1
"537",537,"2/20/2022","SM ",1,2,2,"Plecoptera","Perlodidae",1,1
"538",538,"2/20/2022","SM ",1,2,2,"Plecoptera","Perlodidae",1,1
"539",539,"2/20/2022","SM ",1,2,2,"Plecoptera","Perlodidae",1,1
"540",540,"2/20/2022","SM ",1,2,2,"Trichoptera","Brachycentridae",1,1
"541",541,"2/20/2022","SM ",1,2,2,"Trichoptera","Dipseudopsidae",1,1
"542",542,"2/21/2022","SM ",1,2,2,"Plecoptera","Pteronarcyidae",1,5
"543",543,"2/20/2022","SM ",1,2,2,"Trichoptera","Philopotamidae",1,1
"544",544,"2/20/2022","SM ",3,4,2,"Plecoptera","Perlidae",1,1
"545",545,"2/20/2022","SM ",3,4,2,"Plecoptera","Perlodidae",1,1
"546",546,"2/20/2022","SM ",3,4,2,"Plecoptera","Perlodidae",1,1
"547",547,"2/20/2022","SM ",3,4,2,"Plecoptera","Perlodidae",1,1
"548",548,"2/20/2022","SM ",3,4,2,"Plecoptera","Perlodidae",1,1
"549",549,"2/20/2022","SM ",3,4,2,"Ephemeroptera","Heptageniidae",1,1
"550",550,"2/20/2022","SM ",3,4,2,"Trichoptera","Brachycentridae",1,1
"551",551,"2/20/2022","SM ",3,4,2,"Plecoptera","Pteronarcyidae",1,5
